{
  "battle_won_mean": [
    0.0,
    0.0,
    0.0
  ],
  "battle_won_mean_T": [
    252,
    20434,
    40506
  ],
  "ep_length_mean": [
    31.5,
    32.76298701298701,
    33.45333333333333
  ],
  "ep_length_mean_T": [
    252,
    20434,
    40506
  ],
  "episode": [
    616,
    1216
  ],
  "episode_T": [
    20149,
    40239
  ],
  "epsilon": [
    1.0,
    0.6171690000000001,
    0.23545900000000008
  ],
  "epsilon_T": [
    252,
    20434,
    40506
  ],
  "grad_norm": [
    14.351238560159603,
    8.873013196972478,
    10.673401896062352
  ],
  "grad_norm_T": [
    1026,
    21195,
    41284
  ],
  "loss": [
    0.6794429421424866,
    0.37363454699516296,
    0.3782522976398468
  ],
  "loss_T": [
    1026,
    21195,
    41284
  ],
  "q_taken_mean": [
    0.0932801229911938,
    0.7028883270675277,
    1.374715665491616
  ],
  "q_taken_mean_T": [
    1026,
    21195,
    41284
  ],
  "return_mean": [
    8.277373871245938,
    9.218562102514849,
    9.938770112537203
  ],
  "return_mean_T": [
    252,
    20434,
    40506
  ],
  "return_std": [
    1.0639702838472518,
    1.5599830441150495,
    1.6513071666829058
  ],
  "return_std_T": [
    252,
    20434,
    40506
  ],
  "target_mean": [
    0.42641301740679827,
    0.9287707378409501,
    1.5624166349085367
  ],
  "target_mean_T": [
    1026,
    21195,
    41284
  ],
  "td_error_abs": [
    0.6775632861994396,
    0.5131030367518665,
    0.5016004837923604
  ],
  "td_error_abs_T": [
    1026,
    21195,
    41284
  ],
  "test_battle_won_mean": [
    0.0,
    0.0,
    0.0
  ],
  "test_battle_won_mean_T": [
    252,
    20434,
    40506
  ],
  "test_ep_length_mean": [
    34.75,
    33.625,
    33.458333333333336
  ],
  "test_ep_length_mean_T": [
    252,
    20434,
    40506
  ],
  "test_return_mean": [
    9.984381209204207,
    11.224725896661932,
    10.374449362486471
  ],
  "test_return_mean_T": [
    252,
    20434,
    40506
  ],
  "test_return_std": [
    1.0919267327618096,
    1.3354304083356066,
    1.2225467376985808
  ],
  "test_return_std_T": [
    252,
    20434,
    40506
  ]
}