{
  "battle_won_mean": [
    0.0,
    0.0,
    0.0
  ],
  "battle_won_mean_T": [
    275,
    20414,
    40529
  ],
  "ep_length_mean": [
    34.375,
    36.483695652173914,
    35.4137323943662
  ],
  "ep_length_mean_T": [
    275,
    20414,
    40529
  ],
  "episode": [
    552,
    1120
  ],
  "episode_T": [
    20126,
    40260
  ],
  "epsilon": [
    1.0,
    0.6176060000000001,
    0.23506000000000005
  ],
  "epsilon_T": [
    275,
    20414,
    40529
  ],
  "grad_norm": [
    26.24469065487016,
    0.11783922867034402,
    1.2186458530572253
  ],
  "grad_norm_T": [
    1125,
    21318,
    41357
  ],
  "loss": [
    3.431601047515869,
    0.03718828409910202,
    0.04789150878787041
  ],
  "loss_T": [
    1125,
    21318,
    41357
  ],
  "q_taken_mean": [
    0.010810405589916089,
    0.17670602662072848,
    0.2901981352635481
  ],
  "q_taken_mean_T": [
    1125,
    21318,
    41357
  ],
  "return_mean": [
    3.281381607055664,
    3.1670545909715737,
    3.090867929055657
  ],
  "return_mean_T": [
    275,
    20414,
    40529
  ],
  "return_std": [
    0.9097271648321691,
    0.6939503819440207,
    0.8974895071091675
  ],
  "return_std_T": [
    275,
    20414,
    40529
  ],
  "target_mean": [
    0.281755787037037,
    0.1759811418153534,
    0.27907214402238983
  ],
  "target_mean_T": [
    1125,
    21318,
    41357
  ],
  "td_error_abs": [
    1.627720703125,
    0.14435506889922392,
    0.1594254201118341
  ],
  "td_error_abs_T": [
    1125,
    21318,
    41357
  ],
  "test_battle_won_mean": [
    0.0,
    0.0,
    0.0
  ],
  "test_battle_won_mean_T": [
    275,
    20414,
    40529
  ],
  "test_ep_length_mean": [
    51.291666666666664,
    46.041666666666664,
    35.875
  ],
  "test_ep_length_mean_T": [
    275,
    20414,
    40529
  ],
  "test_return_mean": [
    0.7963457107543945,
    3.3346433639526367,
    3.516097068786621
  ],
  "test_return_mean_T": [
    275,
    20414,
    40529
  ],
  "test_return_std": [
    0.45811393108889026,
    1.222946976512665,
    1.2080804073933724
  ],
  "test_return_std_T": [
    275,
    20414,
    40529
  ]
}