{
  "battle_won_mean": [
    0.0,
    0.0,
    0.0
  ],
  "battle_won_mean_T": [
    190,
    20213,
    40243
  ],
  "ep_length_mean": [
    23.75,
    23.391355140186917,
    22.970183486238533
  ],
  "ep_length_mean_T": [
    190,
    20213,
    40243
  ],
  "episode": [
    856,
    1728
  ],
  "episode_T": [
    20023,
    40073
  ],
  "epsilon": [
    1.0,
    0.6195630000000001,
    0.23861300000000008
  ],
  "epsilon_T": [
    190,
    20213,
    40243
  ],
  "grad_norm": [
    21.7504350741454,
    0.39694963339783923
  ],
  "grad_norm_T": [
    771,
    20772
  ],
  "loss": [
    2.9616811275482178,
    0.053780943155288696
  ],
  "loss_T": [
    771,
    20772
  ],
  "q_taken_mean": [
    -0.04079254849669328,
    0.3227313393040707
  ],
  "q_taken_mean_T": [
    771,
    20772
  ],
  "return_mean": [
    5.269847972972972,
    5.928434421571103,
    6.576823239523926
  ],
  "return_mean_T": [
    190,
    20213,
    40243
  ],
  "return_std": [
    0.6005262082511266,
    0.6046190928914883,
    0.6366257531796541
  ],
  "return_std_T": [
    190,
    20213,
    40243
  ],
  "target_mean": [
    0.19353032885203875,
    0.3200668067262884
  ],
  "target_mean_T": [
    771,
    20772
  ],
  "td_error_abs": [
    1.4198951176941472,
    0.17407244632118626
  ],
  "td_error_abs_T": [
    771,
    20772
  ],
  "test_battle_won_mean": [
    0.0,
    0.0
  ],
  "test_battle_won_mean_T": [
    190,
    20213
  ],
  "test_ep_length_mean": [
    27.25,
    22.666666666666668
  ],
  "test_ep_length_mean_T": [
    190,
    20213
  ],
  "test_return_mean": [
    6.048986486486485,
    7.907164977477476
  ],
  "test_return_mean_T": [
    190,
    20213
  ],
  "test_return_std": [
    0.6965012708317693,
    0.5510942470721334
  ],
  "test_return_std_T": [
    190,
    20213
  ]
}