{
  "battle_won_mean": [
    0.0,
    0.0,
    0.0
  ],
  "battle_won_mean_T": [
    258,
    20394,
    40407
  ],
  "ep_length_mean": [
    32.25,
    32.688311688311686,
    32.91611842105263
  ],
  "ep_length_mean_T": [
    258,
    20394,
    40407
  ],
  "episode": [
    616,
    1232
  ],
  "episode_T": [
    20141,
    40407
  ],
  "epsilon": [
    1.0,
    0.617321,
    0.2373400000000001
  ],
  "epsilon_T": [
    258,
    20394,
    40407
  ],
  "grad_norm": [
    13.636211928332052,
    9.762080673118694,
    7.444685528785119
  ],
  "grad_norm_T": [
    1009,
    21168,
    41206
  ],
  "loss": [
    0.6960926651954651,
    0.38781270384788513,
    0.27223557233810425
  ],
  "loss_T": [
    1009,
    21168,
    41206
  ],
  "q_taken_mean": [
    0.06163104674506589,
    0.7463201670642216,
    1.5577259966922006
  ],
  "q_taken_mean_T": [
    1009,
    21168,
    41206
  ],
  "return_mean": [
    8.87199302772423,
    9.16760245670776,
    9.731964116543022
  ],
  "return_mean_T": [
    258,
    20394,
    40407
  ],
  "return_std": [
    1.207266608380175,
    1.5209851936116445,
    1.5990366082990521
  ],
  "return_std_T": [
    258,
    20394,
    40407
  ],
  "target_mean": [
    0.4129037091469741,
    0.9911215788398693,
    1.4373656886533774
  ],
  "target_mean_T": [
    1009,
    21168,
    41206
  ],
  "td_error_abs": [
    0.7055971960364532,
    0.5333765423487103,
    0.39677084920134054
  ],
  "td_error_abs_T": [
    1009,
    21168,
    41206
  ],
  "test_battle_won_mean": [
    0.0,
    0.0,
    0.0
  ],
  "test_battle_won_mean_T": [
    258,
    20394,
    40407
  ],
  "test_ep_length_mean": [
    33.875,
    33.541666666666664,
    32.708333333333336
  ],
  "test_ep_length_mean_T": [
    258,
    20394,
    40407
  ],
  "test_return_mean": [
    10.206659490411932,
    10.1822533545556,
    9.98890005664908
  ],
  "test_return_mean_T": [
    258,
    20394,
    40407
  ],
  "test_return_std": [
    1.4591049343891707,
    1.6189745360868772,
    1.4408951952152678
  ],
  "test_return_std_T": [
    258,
    20394,
    40407
  ]
}